Activity Name,Activity Date/Time,Activity Type,Total Distance (km),Total Duration (min),Total Ascent (m),Total Descent (m),Total Calories,Average HR,Max HR,Aerobic TE,Anaerobic TE,Average Pace (min/km),Average Respiration Rate,Lap #,Lap Distance (m),Lap Time (sec),Lap Pace (min/km),Lap Avg HR,Lap Max HR,Lap Avg Cadence,Lap Max Cadence,Ground Contact Time (ms),GCT Balance (L/R),Vertical Oscillation (cm),Stride Length (m),Vertical Ratio,Lap Ascent (m),Lap Descent (m),Lap Avg Power (watts),Lap Max Power (watts),Lap Avg Respiration Rate
North Vancouver District Trail Running,2025-10-31 06:25:50,trail_running,3.8,32.71,127.47999998927116,125.18999999761581,444.0,147.0,173.0,2.9000000953674316,0.0,1.9379999637603762,,1,3802.76,1962.461,8.6,147.0,173.0,134.109375,245.0,289.79998779296875,,7.840000152587891,0.88,9.210000038146973,127.48,125.19,268.0,614.0,
Virtual Running,2025-11-17 12:41:33,virtual_run,0.73,32.4,,,507.0,156.0,173.0,3.700000047683716,0.0,0.3779999911785126,,1,733.85,1943.927,44.15,156.0,173.0,153.921875,177.0,293.29998779296875,,9.030000305175781,1.02,8.890000343322754,,,319.0,526.0,
heat training HR rocketing!!,2025-11-17 12:42:32,virtual_run,5.02,31.5,0.0,0.0,383.0,157.0,173.0,3.5999999046325684,0.0,2.6579999923706055,,1,5024.14,1890.0,6.27,157.0,173.0,156.0,176.0,,,,1.02,,0.0,0.0,0.0,0.0,
Virtual Running,2025-11-24 13:21:48,virtual_run,4.99,32.88,,,488.0,149.0,163.0,3.299999952316284,0.0,2.5269999504089355,,1,1000.0,451.434,7.52,133.0,153.0,142.25,169.0,295.0,,8.950000000000001,1.0,9.0,,,274.0,399.0,
Virtual Running,2025-11-24 13:21:48,virtual_run,4.99,32.88,,,488.0,149.0,163.0,3.299999952316284,0.0,2.5269999504089355,,2,1000.0,376.835,6.28,147.0,156.0,157.34375,165.0,295.0,,9.040000152587892,1.01,8.930000305175781,,,329.0,394.0,
Virtual Running,2025-11-24 13:21:48,virtual_run,4.99,32.88,,,488.0,149.0,163.0,3.299999952316284,0.0,2.5269999504089355,,3,1000.0,379.121,6.32,153.0,162.0,155.84375,160.0,297.70001220703125,,9.080000305175782,1.01,8.960000038146973,,,326.0,383.0,
Virtual Running,2025-11-24 13:21:48,virtual_run,4.99,32.88,,,488.0,149.0,163.0,3.299999952316284,0.0,2.5269999504089355,,4,1000.0,388.978,6.48,160.0,163.0,154.4375,160.0,302.6000061035156,,9.05,1.0,9.0600004196167,,,317.0,368.0,
Virtual Running,2025-11-24 13:21:48,virtual_run,4.99,32.88,,,488.0,149.0,163.0,3.299999952316284,0.0,2.5269999504089355,,5,985.72,376.64,6.37,157.0,161.0,156.515625,163.0,297.8999938964844,,9.01999969482422,1.0,8.989999771118164,,,322.0,385.0,
slow and low,2025-11-24 13:22:35,virtual_run,5.03,32.73,0.0,0.0,386.0,149.0,163.0,3.4000000953674316,0.0,2.558000087738037,,1,5025.5,1964.0,6.51,149.0,163.0,152.0,168.0,,,,1.01,,0.0,0.0,0.0,0.0,
North Vancouver District Trail Running,2025-11-30 11:40:02,trail_running,5.52,53.81,247.74000000953674,256.7300000190735,693.0,149.0,176.0,3.4000000953674316,2.4000000953674316,1.7079999446868899,,1,1800.28,902.012,8.35,146.0,169.0,109.71875,203.0,289.3999938964844,,8.35,0.98,8.9399995803833,72.59,98.6,236.0,733.0,
North Vancouver District Trail Running,2025-11-30 11:40:02,trail_running,5.52,53.81,247.74000000953674,256.7300000190735,693.0,149.0,176.0,3.4000000953674316,2.4000000953674316,1.7079999446868899,,10,94.38,26.541,4.69,150.0,164.0,134.78125,185.0,225.0,,8.790000152587892,1.33,6.659999847412109,11.47,0.0,581.0,941.0,
North Vancouver District Trail Running,2025-11-30 11:40:02,trail_running,5.52,53.81,247.74000000953674,256.7300000190735,693.0,149.0,176.0,3.4000000953674316,2.4000000953674316,1.7079999446868899,,11,170.48,206.18,20.16,154.0,174.0,40.828125,172.0,266.6000061035156,,5.95,0.84,7.230000019073486,8.74,0.0,103.0,868.0,
North Vancouver District Trail Running,2025-11-30 11:40:02,trail_running,5.52,53.81,247.74000000953674,256.7300000190735,693.0,149.0,176.0,3.4000000953674316,2.4000000953674316,1.7079999446868899,,12,64.6,30.953,7.99,150.0,164.0,140.515625,187.0,276.70001220703125,,7.480000305175782,0.83,9.270000457763672,16.21,0.0,541.0,772.0,
North Vancouver District Trail Running,2025-11-30 11:40:02,trail_running,5.52,53.81,247.74000000953674,256.7300000190735,693.0,149.0,176.0,3.4000000953674316,2.4000000953674316,1.7079999446868899,,13,562.98,466.875,13.82,143.0,170.0,84.5,159.0,318.0,,5.779999923706055,0.79,7.46999979019165,7.27,25.62,103.0,775.0,
North Vancouver District Trail Running,2025-11-30 11:40:02,trail_running,5.52,53.81,247.74000000953674,256.7300000190735,693.0,149.0,176.0,3.4000000953674316,2.4000000953674316,1.7079999446868899,,14,1883.11,989.647,8.76,147.0,165.0,125.21875,222.0,297.20001220703125,,7.430000305175781,0.86,8.75,53.56,102.06,222.0,684.0,
North Vancouver District Trail Running,2025-11-30 11:40:02,trail_running,5.52,53.81,247.74000000953674,256.7300000190735,693.0,149.0,176.0,3.4000000953674316,2.4000000953674316,1.7079999446868899,,2,185.34,46.695,4.2,162.0,172.0,163.234375,186.0,219.8000030517578,,9.30999984741211,1.48,6.400000095367432,27.11,0.0,814.0,1066.0,
North Vancouver District Trail Running,2025-11-30 11:40:02,trail_running,5.52,53.81,247.74000000953674,256.7300000190735,693.0,149.0,176.0,3.4000000953674316,2.4000000953674316,1.7079999446868899,,3,94.55,71.488,12.6,156.0,176.0,112.359375,168.0,272.20001220703125,,5.970000076293946,0.81,7.960000038146973,1.26,11.65,186.0,969.0,
North Vancouver District Trail Running,2025-11-30 11:40:02,trail_running,5.52,53.81,247.74000000953674,256.7300000190735,693.0,149.0,176.0,3.4000000953674316,2.4000000953674316,1.7079999446868899,,4,121.52,34.112,4.68,162.0,169.0,165.265625,181.0,230.3000030517578,,8.6,1.27,6.860000133514404,14.56,0.0,638.0,942.0,
North Vancouver District Trail Running,2025-11-30 11:40:02,trail_running,5.52,53.81,247.74000000953674,256.7300000190735,693.0,149.0,176.0,3.4000000953674316,2.4000000953674316,1.7079999446868899,,5,91.2,116.206,21.24,155.0,171.0,70.203125,170.0,275.0,,5.770000076293946,0.99,8.109999656677246,1.07,9.25,93.0,752.0,
North Vancouver District Trail Running,2025-11-30 11:40:02,trail_running,5.52,53.81,247.74000000953674,256.7300000190735,693.0,149.0,176.0,3.4000000953674316,2.4000000953674316,1.7079999446868899,,6,124.61,33.232,4.44,152.0,168.0,146.859375,192.0,214.0,,8.919999694824218,1.45,6.239999771118164,10.93,0.0,576.0,879.0,
North Vancouver District Trail Running,2025-11-30 11:40:02,trail_running,5.52,53.81,247.74000000953674,256.7300000190735,693.0,149.0,176.0,3.4000000953674316,2.4000000953674316,1.7079999446868899,,7,96.95,120.827,20.77,159.0,168.0,78.984375,168.0,305.0,,5.65,0.83,9.960000038146973,1.79,6.39,114.0,713.0,
North Vancouver District Trail Running,2025-11-30 11:40:02,trail_running,5.52,53.81,247.74000000953674,256.7300000190735,693.0,149.0,176.0,3.4000000953674316,2.4000000953674316,1.7079999446868899,,8,95.75,24.717,4.3,152.0,162.0,128.953125,198.0,206.3000030517578,,8.580000305175782,1.51,5.829999923706055,8.0,3.15,481.0,768.0,
North Vancouver District Trail Running,2025-11-30 11:40:02,trail_running,5.52,53.81,247.74000000953674,256.7300000190735,693.0,149.0,176.0,3.4000000953674316,2.4000000953674316,1.7079999446868899,,9,129.69,158.873,20.42,157.0,168.0,45.96875,176.0,249.5,,5.940000152587891,0.91,6.769999980926514,13.17,0.0,113.0,729.0,
Treadmill Running,2025-12-09 12:52:37,treadmill_running,4.3,35.01,,,490.0,151.0,181.0,3.5999999046325684,2.9000000953674316,2.0460000038146973,,1,660.4,356.444,9.0,107.0,134.0,122.140625,161.0,301.6000061035156,,8.790000152587892,1.01,9.069999694824219,,,227.0,399.0,
Treadmill Running,2025-12-09 12:52:37,treadmill_running,4.3,35.01,,,490.0,151.0,181.0,3.5999999046325684,2.9000000953674316,2.0460000038146973,,10,33.84,62.16,30.61,169.0,179.0,90.03125,167.0,276.79998779296875,,5.720000076293946,1.03,8.699999809265137,,,66.0,386.0,
Treadmill Running,2025-12-09 12:52:37,treadmill_running,4.3,35.01,,,490.0,151.0,181.0,3.5999999046325684,2.9000000953674316,2.0460000038146973,,11,304.11,91.174,5.0,162.0,178.0,148.734375,169.0,255.0,,10.030000305175783,1.4,7.400000095367432,,,404.0,598.0,
Treadmill Running,2025-12-09 12:52:37,treadmill_running,4.3,35.01,,,490.0,151.0,181.0,3.5999999046325684,2.9000000953674316,2.0460000038146973,,12,17.99,63.805,59.11,168.0,180.0,29.3125,180.0,244.0,,6.320000076293946,1.48,7.010000228881836,,,22.0,494.0,
Treadmill Running,2025-12-09 12:52:37,treadmill_running,4.3,35.01,,,490.0,151.0,181.0,3.5999999046325684,2.9000000953674316,2.0460000038146973,,13,308.24,94.852,5.13,162.0,180.0,145.375,171.0,247.60000610351562,,10.00999984741211,1.42,7.260000228881836,,,390.0,644.0,
Treadmill Running,2025-12-09 12:52:37,treadmill_running,4.3,35.01,,,490.0,151.0,181.0,3.5999999046325684,2.9000000953674316,2.0460000038146973,,14,2.76,65.631,396.32,169.0,181.0,45.5,150.0,,,5.329999923706055,0.06,,,,6.0,99.0,
Treadmill Running,2025-12-09 12:52:37,treadmill_running,4.3,35.01,,,490.0,151.0,181.0,3.5999999046325684,2.9000000953674316,2.0460000038146973,,15,72.2,30.943,7.14,153.0,158.0,152.484375,169.0,274.6000061035156,,9.25,1.13,8.329999923706055,,,281.0,619.0,
Treadmill Running,2025-12-09 12:52:37,treadmill_running,4.3,35.01,,,490.0,151.0,181.0,3.5999999046325684,2.9000000953674316,2.0460000038146973,,16,0.0,20.161,,162.0,164.0,58.703125,167.0,236.0,,10.680000305175781,1.57,6.78000020980835,,,13.0,254.0,
Treadmill Running,2025-12-09 12:52:37,treadmill_running,4.3,35.01,,,490.0,151.0,181.0,3.5999999046325684,2.9000000953674316,2.0460000038146973,,17,96.47,30.834,5.33,166.0,172.0,153.0625,171.0,268.3999938964844,,9.569999694824219,1.37,7.28000020980835,,,382.0,542.0,
Treadmill Running,2025-12-09 12:52:37,treadmill_running,4.3,35.01,,,490.0,151.0,181.0,3.5999999046325684,2.9000000953674316,2.0460000038146973,,18,12.2,20.458,27.95,173.0,175.0,39.203125,166.0,244.0,,10.350000000000001,1.47,7.039999961853027,,,86.0,491.0,
Treadmill Running,2025-12-09 12:52:37,treadmill_running,4.3,35.01,,,490.0,151.0,181.0,3.5999999046325684,2.9000000953674316,2.0460000038146973,,19,97.29,31.041,5.32,171.0,174.0,144.21875,172.0,238.39999389648438,,10.040000152587892,1.45,6.989999771118164,,,383.0,608.0,
Treadmill Running,2025-12-09 12:52:37,treadmill_running,4.3,35.01,,,490.0,151.0,181.0,3.5999999046325684,2.9000000953674316,2.0460000038146973,,2,17.11,11.642,11.34,136.0,138.0,166.578125,180.0,296.70001220703125,,7.909999847412109,0.96,9.069999694824219,,,196.0,318.0,
Treadmill Running,2025-12-09 12:52:37,treadmill_running,4.3,35.01,,,490.0,151.0,181.0,3.5999999046325684,2.9000000953674316,2.0460000038146973,,20,13.73,20.812,25.26,173.0,175.0,33.234375,169.0,227.0,,10.70999984741211,1.64,6.53000020980835,,,81.0,582.0,
Treadmill Running,2025-12-09 12:52:37,treadmill_running,4.3,35.01,,,490.0,151.0,181.0,3.5999999046325684,2.9000000953674316,2.0460000038146973,,21,105.17,31.9,5.06,174.0,177.0,158.125,173.0,237.10000610351562,,10.230000305175782,1.49,6.949999809265137,,,399.0,607.0,
Treadmill Running,2025-12-09 12:52:37,treadmill_running,4.3,35.01,,,490.0,151.0,181.0,3.5999999046325684,2.9000000953674316,2.0460000038146973,,22,18.36,20.72,18.81,178.0,179.0,32.578125,168.0,227.0,,10.70999984741211,1.64,6.53000020980835,,,104.0,547.0,
Treadmill Running,2025-12-09 12:52:37,treadmill_running,4.3,35.01,,,490.0,151.0,181.0,3.5999999046325684,2.9000000953674316,2.0460000038146973,,23,118.1,31.884,4.5,174.0,178.0,159.78125,175.0,226.89999389648438,,10.280000305175783,1.59,6.619999885559082,,,440.0,640.0,
Treadmill Running,2025-12-09 12:52:37,treadmill_running,4.3,35.01,,,490.0,151.0,181.0,3.5999999046325684,2.9000000953674316,2.0460000038146973,,24,10.49,20.509,32.59,179.0,181.0,8.34375,167.0,218.0,,11.25999984741211,1.9,5.940000057220459,,,59.0,594.0,
Treadmill Running,2025-12-09 12:52:37,treadmill_running,4.3,35.01,,,490.0,151.0,181.0,3.5999999046325684,2.9000000953674316,2.0460000038146973,,25,130.22,30.986,3.97,178.0,180.0,152.515625,176.0,216.1999969482422,,10.36999969482422,1.81,5.920000076293945,,,469.0,666.0,
Treadmill Running,2025-12-09 12:52:37,treadmill_running,4.3,35.01,,,490.0,151.0,181.0,3.5999999046325684,2.9000000953674316,2.0460000038146973,,26,78.65,201.404,42.68,146.0,181.0,71.8125,158.0,344.29998779296875,,5.909999847412109,0.72,10.5600004196167,,,46.0,260.0,
Treadmill Running,2025-12-09 12:52:37,treadmill_running,4.3,35.01,,,490.0,151.0,181.0,3.5999999046325684,2.9000000953674316,2.0460000038146973,,3,738.11,169.353,3.82,161.0,172.0,167.109375,172.0,237.0,,10.34000015258789,1.62,6.630000114440918,,,514.0,645.0,
Treadmill Running,2025-12-09 12:52:37,treadmill_running,4.3,35.01,,,490.0,151.0,181.0,3.5999999046325684,2.9000000953674316,2.0460000038146973,,4,94.59,128.825,22.7,148.0,172.0,68.6875,168.0,262.29998779296875,,6.190000152587891,1.24,7.590000152587891,,,73.0,458.0,
Treadmill Running,2025-12-09 12:52:37,treadmill_running,4.3,35.01,,,490.0,151.0,181.0,3.5999999046325684,2.9000000953674316,2.0460000038146973,,5,605.52,181.59,5.0,161.0,178.0,157.796875,167.0,266.79998779296875,,10.15,1.33,7.730000019073486,,,413.0,629.0,
Treadmill Running,2025-12-09 12:52:37,treadmill_running,4.3,35.01,,,490.0,151.0,181.0,3.5999999046325684,2.9000000953674316,2.0460000038146973,,6,70.34,130.324,30.88,149.0,179.0,67.34375,160.0,259.0,,5.720000076293946,1.01,7.010000228881836,,,46.0,474.0,
Treadmill Running,2025-12-09 12:52:37,treadmill_running,4.3,35.01,,,490.0,151.0,181.0,3.5999999046325684,2.9000000953674316,2.0460000038146973,,7,329.6,91.148,4.61,153.0,175.0,165.21875,172.0,238.5,,10.580000305175782,1.55,6.880000114440918,,,441.0,624.0,
Treadmill Running,2025-12-09 12:52:37,treadmill_running,4.3,35.01,,,490.0,151.0,181.0,3.5999999046325684,2.9000000953674316,2.0460000038146973,,8,49.19,73.454,24.89,164.0,178.0,75.640625,167.0,341.5,,5.740000152587891,1.23,7.46999979019165,,,62.0,573.0,
Treadmill Running,2025-12-09 12:52:37,treadmill_running,4.3,35.01,,,490.0,151.0,181.0,3.5999999046325684,2.9000000953674316,2.0460000038146973,,9,313.63,88.788,4.72,161.0,177.0,157.1875,169.0,252.8000030517578,,10.130000305175782,1.41,7.369999885559082,,,431.0,633.0,
Isla Mujeres Running,2025-12-13 11:37:43,running,5.27,30.49,21.44999998807907,19.109999999403954,477.0,163.0,183.0,3.5999999046325684,2.0999999046325684,2.880000114440918,,1,1000.0,301.823,5.03,150.0,165.0,161.640625,233.0,271.1000061035156,,9.730000305175782,1.22,7.960000038146973,6.92,6.98,417.0,494.0,
Isla Mujeres Running,2025-12-13 11:37:43,running,5.27,30.49,21.44999998807907,19.109999999403954,477.0,163.0,183.0,3.5999999046325684,2.0999999046325684,2.880000114440918,,10,88.89,61.625,11.55,175.0,183.0,113.59375,163.0,258.79998779296875,,6.15,0.81,7.699999809265137,0.0,0.0,161.0,516.0,
Isla Mujeres Running,2025-12-13 11:37:43,running,5.27,30.49,21.44999998807907,19.109999999403954,477.0,163.0,183.0,3.5999999046325684,2.0999999046325684,2.880000114440918,,11,322.03,87.557,4.53,171.0,179.0,161.328125,169.0,255.6999969482422,,9.880000305175782,1.33,7.449999809265137,0.0,0.0,472.0,618.0,
Isla Mujeres Running,2025-12-13 11:37:43,running,5.27,30.49,21.44999998807907,19.109999999403954,477.0,163.0,183.0,3.5999999046325684,2.0999999046325684,2.880000114440918,,12,89.66,60.429,11.23,172.0,181.0,119.84375,163.0,270.29998779296875,,6.45999984741211,0.89,7.349999904632568,1.24,1.15,193.0,445.0,
Isla Mujeres Running,2025-12-13 11:37:43,running,5.27,30.49,21.44999998807907,19.109999999403954,477.0,163.0,183.0,3.5999999046325684,2.0999999046325684,2.880000114440918,,13,109.74,29.372,4.46,162.0,167.0,144.453125,171.0,261.6000061035156,,9.430000305175781,1.23,7.699999809265137,0.0,0.0,386.0,537.0,
Isla Mujeres Running,2025-12-13 11:37:43,running,5.27,30.49,21.44999998807907,19.109999999403954,477.0,163.0,183.0,3.5999999046325684,2.0999999046325684,2.880000114440918,,14,27.48,19.998,12.13,169.0,170.0,116.34375,167.0,284.29998779296875,,6.819999694824219,0.88,8.5,0.0,0.0,180.0,452.0,
Isla Mujeres Running,2025-12-13 11:37:43,running,5.27,30.49,21.44999998807907,19.109999999403954,477.0,163.0,183.0,3.5999999046325684,2.0999999046325684,2.880000114440918,,15,109.99,27.487,4.17,169.0,173.0,159.0,172.0,235.5,,9.330000305175782,1.35,6.989999771118164,0.0,0.0,499.0,643.0,
Isla Mujeres Running,2025-12-13 11:37:43,running,5.27,30.49,21.44999998807907,19.109999999403954,477.0,163.0,183.0,3.5999999046325684,2.0999999046325684,2.880000114440918,,16,43.57,33.006,12.63,173.0,175.0,111.484375,165.0,258.0,,6.6199996948242195,0.95,8.0,1.18,0.0,196.0,543.0,
Isla Mujeres Running,2025-12-13 11:37:43,running,5.27,30.49,21.44999998807907,19.109999999403954,477.0,163.0,183.0,3.5999999046325684,2.0999999046325684,2.880000114440918,,17,116.94,31.021,4.42,170.0,173.0,154.84375,168.0,254.0,,9.480000305175782,1.35,7.400000095367432,0.0,0.0,462.0,614.0,
Isla Mujeres Running,2025-12-13 11:37:43,running,5.27,30.49,21.44999998807907,19.109999999403954,477.0,163.0,183.0,3.5999999046325684,2.0999999046325684,2.880000114440918,,18,38.19,26.751,11.67,171.0,172.0,82.328125,165.0,281.79998779296875,,7.30999984741211,1.02,9.010000228881836,1.26,0.0,149.0,486.0,
Isla Mujeres Running,2025-12-13 11:37:43,running,5.27,30.49,21.44999998807907,19.109999999403954,477.0,163.0,183.0,3.5999999046325684,2.0999999046325684,2.880000114440918,,2,1000.0,299.043,4.98,168.0,172.0,161.328125,165.0,271.5,,9.850000000000001,1.24,7.940000057220459,0.0,0.0,412.0,472.0,
Isla Mujeres Running,2025-12-13 11:37:43,running,5.27,30.49,21.44999998807907,19.109999999403954,477.0,163.0,183.0,3.5999999046325684,2.0999999046325684,2.880000114440918,,3,1000.0,416.109,6.94,160.0,171.0,140.203125,165.0,291.29998779296875,,8.580000305175782,1.03,8.449999809265137,2.49,4.67,288.0,404.0,
Isla Mujeres Running,2025-12-13 11:37:43,running,5.27,30.49,21.44999998807907,19.109999999403954,477.0,163.0,183.0,3.5999999046325684,2.0999999046325684,2.880000114440918,,4,43.03,30.272,11.73,132.0,137.0,78.0625,122.0,,,5.9,0.73,8.109999656677246,1.16,1.19,91.0,160.0,
Isla Mujeres Running,2025-12-13 11:37:43,running,5.27,30.49,21.44999998807907,19.109999999403954,477.0,163.0,183.0,3.5999999046325684,2.0999999046325684,2.880000114440918,,5,388.78,104.066,4.46,162.0,178.0,160.140625,174.0,253.10000610351562,,9.980000305175782,1.36,7.360000133514404,2.51,1.28,469.0,557.0,
Isla Mujeres Running,2025-12-13 11:37:43,running,5.27,30.49,21.44999998807907,19.109999999403954,477.0,163.0,183.0,3.5999999046325684,2.0999999046325684,2.880000114440918,,6,85.91,58.658,11.38,166.0,177.0,105.328125,163.0,261.5,,6.020000076293946,0.77,7.880000114440918,0.0,1.02,134.0,478.0,
Isla Mujeres Running,2025-12-13 11:37:43,running,5.27,30.49,21.44999998807907,19.109999999403954,477.0,163.0,183.0,3.5999999046325684,2.0999999046325684,2.880000114440918,,7,372.27,93.1,4.17,169.0,180.0,158.234375,172.0,247.0,,10.390000152587891,1.46,7.110000133514404,1.09,0.0,504.0,595.0,
Isla Mujeres Running,2025-12-13 11:37:43,running,5.27,30.49,21.44999998807907,19.109999999403954,477.0,163.0,183.0,3.5999999046325684,2.0999999046325684,2.880000114440918,,8,84.15,60.663,12.01,172.0,181.0,78.203125,162.0,261.29998779296875,,6.95,0.88,8.0,0.0,1.53,134.0,505.0,
Isla Mujeres Running,2025-12-13 11:37:43,running,5.27,30.49,21.44999998807907,19.109999999403954,477.0,163.0,183.0,3.5999999046325684,2.0999999046325684,2.880000114440918,,9,349.06,88.515,4.23,173.0,182.0,154.9375,173.0,246.3000030517578,,10.319999694824219,1.45,7.110000133514404,3.59,1.31,494.0,608.0,
Workout 4: Zone 1 Recovery (Work,2025-12-19 13:16:48,treadmill_running,5.24,40.08,,,416.0,130.0,141.0,2.299999952316284,0.0,2.177000045776367,,1,296.53,300.0,16.86,110.0,120.0,92.25,158.0,464.70001220703125,,5.820000076293946,0.74,7.929999828338623,,,89.0,168.0,
Workout 4: Zone 1 Recovery (Work,2025-12-19 13:16:48,treadmill_running,5.24,40.08,,,416.0,130.0,141.0,2.299999952316284,0.0,2.177000045776367,,2,1000.0,427.61,7.13,133.0,141.0,154.28125,170.0,304.6000061035156,,8.6,0.91,9.460000038146973,,,283.0,382.0,
Workout 4: Zone 1 Recovery (Work,2025-12-19 13:16:48,treadmill_running,5.24,40.08,,,416.0,130.0,141.0,2.299999952316284,0.0,2.177000045776367,,3,1000.0,394.824,6.58,134.0,138.0,156.34375,160.0,299.3999938964844,,8.9,0.97,9.1899995803833,,,308.0,384.0,
Workout 4: Zone 1 Recovery (Work,2025-12-19 13:16:48,treadmill_running,5.24,40.08,,,416.0,130.0,141.0,2.299999952316284,0.0,2.177000045776367,,4,1000.0,391.853,6.53,136.0,140.0,157.3125,163.0,297.29998779296875,,8.890000152587891,0.97,9.170000076293945,,,311.0,394.0,
Workout 4: Zone 1 Recovery (Work,2025-12-19 13:16:48,treadmill_running,5.24,40.08,,,416.0,130.0,141.0,2.299999952316284,0.0,2.177000045776367,,5,1000.0,380.799,6.35,136.0,141.0,156.9375,161.0,296.1000061035156,,9.030000305175781,1.0,9.050000190734863,,,321.0,379.0,
Workout 4: Zone 1 Recovery (Work,2025-12-19 13:16:48,treadmill_running,5.24,40.08,,,416.0,130.0,141.0,2.299999952316284,0.0,2.177000045776367,,6,536.62,204.914,6.36,137.0,140.0,158.171875,163.0,294.29998779296875,,8.950000000000001,0.99,9.0600004196167,,,320.0,378.0,
Workout 4: Zone 1 Recovery (Work,2025-12-19 13:16:48,treadmill_running,5.24,40.08,,,416.0,130.0,141.0,2.299999952316284,0.0,2.177000045776367,,7,395.02,300.0,12.66,118.0,138.0,111.765625,157.0,329.29998779296875,,5.929999923706055,0.75,7.96999979019165,,,122.0,339.0,
Workout 4: Zone 1 Recovery (Work,2025-12-19 13:16:48,treadmill_running,5.24,40.08,,,416.0,130.0,141.0,2.299999952316284,0.0,2.177000045776367,,8,7.19,4.789,11.1,110.0,110.0,78.5,118.0,,,5.890000152587891,0.73,8.039999961853027,,,88.0,133.0,
Treadmill Running,2025-12-20 17:44:52,treadmill_running,4.06,32.02,,,380.0,136.0,145.0,2.4000000953674316,0.0,2.11299991607666,,1,1000.0,409.58,6.83,131.0,140.0,150.40625,162.0,302.1000061035156,,9.009999847412109,1.0,9.100000381469727,,,299.0,397.0,
Treadmill Running,2025-12-20 17:44:52,treadmill_running,4.06,32.02,,,380.0,136.0,145.0,2.4000000953674316,0.0,2.11299991607666,,2,1000.0,409.135,6.82,139.0,145.0,150.046875,159.0,316.79998779296875,,9.069999694824219,0.98,9.300000190734863,,,297.0,360.0,
Treadmill Running,2025-12-20 17:44:52,treadmill_running,4.06,32.02,,,380.0,136.0,145.0,2.4000000953674316,0.0,2.11299991607666,,3,1000.0,447.24,7.45,139.0,143.0,155.5,161.0,308.70001220703125,,8.40999984741211,0.86,9.760000228881836,,,274.0,358.0,
Treadmill Running,2025-12-20 17:44:52,treadmill_running,4.06,32.02,,,380.0,136.0,145.0,2.4000000953674316,0.0,2.11299991607666,,4,1000.0,440.41,7.34,138.0,142.0,155.21875,159.0,308.0,,8.480000305175782,0.88,9.680000305175781,,,278.0,352.0,
Treadmill Running,2025-12-20 17:44:52,treadmill_running,4.06,32.02,,,380.0,136.0,145.0,2.4000000953674316,0.0,2.11299991607666,,5,205.71,94.37,7.65,137.0,140.0,155.890625,160.0,308.20001220703125,,8.3,0.84,9.859999656677246,,,270.0,341.0,
Treadmill Running,2025-12-20 17:44:52,treadmill_running,4.06,32.02,,,380.0,136.0,145.0,2.4000000953674316,0.0,2.11299991607666,,6,189.01,120.5,10.63,123.0,139.0,112.578125,156.0,337.6000061035156,,6.179999923706055,0.83,7.519999980926514,,,138.0,254.0,
Treadmill Rolling Hills + Hill S,2025-12-21 12:29:53,treadmill_running,9.25,62.11,,,794.0,146.0,174.0,3.5,2.200000047683716,2.4820001125335693,,1,686.98,300.0,7.28,120.0,133.0,146.015625,167.0,303.79998779296875,,8.990000152587891,1.01,9.140000343322754,,,281.0,406.0,
Treadmill Rolling Hills + Hill S,2025-12-21 12:29:53,treadmill_running,9.25,62.11,,,794.0,146.0,174.0,3.5,2.200000047683716,2.4820001125335693,,10,347.22,120.0,5.76,153.0,160.0,155.921875,161.0,291.5,,9.540000152587892,1.11,8.619999885559082,,,354.0,447.0,
Treadmill Rolling Hills + Hill S,2025-12-21 12:29:53,treadmill_running,9.25,62.11,,,794.0,146.0,174.0,3.5,2.200000047683716,2.4820001125335693,,11,771.3,300.0,6.48,150.0,160.0,159.8125,165.0,293.20001220703125,,8.8,0.97,9.100000381469727,,,311.0,371.0,
Treadmill Rolling Hills + Hill S,2025-12-21 12:29:53,treadmill_running,9.25,62.11,,,794.0,146.0,174.0,3.5,2.200000047683716,2.4820001125335693,,12,737.68,300.0,6.78,149.0,151.0,157.28125,163.0,299.5,,8.719999694824219,0.94,9.319999694824219,,,300.0,364.0,
Treadmill Rolling Hills + Hill S,2025-12-21 12:29:53,treadmill_running,9.25,62.11,,,794.0,146.0,174.0,3.5,2.200000047683716,2.4820001125335693,,13,118.7,30.0,4.21,151.0,157.0,167.0625,180.0,253.6999969482422,,9.44000015258789,1.36,7.510000228881836,,,467.0,665.0,
Treadmill Rolling Hills + Hill S,2025-12-21 12:29:53,treadmill_running,9.25,62.11,,,794.0,146.0,174.0,3.5,2.200000047683716,2.4820001125335693,,14,85.18,90.0,17.61,148.0,164.0,103.96875,176.0,289.3999938964844,,5.920000076293945,1.6,6.099999904632568,,,97.0,603.0,
Treadmill Rolling Hills + Hill S,2025-12-21 12:29:53,treadmill_running,9.25,62.11,,,794.0,146.0,174.0,3.5,2.200000047683716,2.4820001125335693,,15,82.38,30.0,6.07,136.0,146.0,143.03125,165.0,278.6000061035156,,9.51999969482422,1.27,8.180000305175781,,,339.0,484.0,
Treadmill Rolling Hills + Hill S,2025-12-21 12:29:53,treadmill_running,9.25,62.11,,,794.0,146.0,174.0,3.5,2.200000047683716,2.4820001125335693,,16,149.86,90.0,10.01,150.0,158.0,106.671875,161.0,269.70001220703125,,6.930000305175781,1.23,7.699999809265137,,,174.0,552.0,
Treadmill Rolling Hills + Hill S,2025-12-21 12:29:53,treadmill_running,9.25,62.11,,,794.0,146.0,174.0,3.5,2.200000047683716,2.4820001125335693,,17,114.61,30.0,4.36,142.0,154.0,152.765625,168.0,249.60000610351562,,10.930000305175781,1.68,6.800000190734863,,,458.0,740.0,
Treadmill Rolling Hills + Hill S,2025-12-21 12:29:53,treadmill_running,9.25,62.11,,,794.0,146.0,174.0,3.5,2.200000047683716,2.4820001125335693,,18,183.16,90.0,8.19,163.0,174.0,111.671875,180.0,246.89999389648438,,7.380000305175781,1.46,6.5,,,205.0,697.0,
Treadmill Rolling Hills + Hill S,2025-12-21 12:29:53,treadmill_running,9.25,62.11,,,794.0,146.0,174.0,3.5,2.200000047683716,2.4820001125335693,,19,83.62,30.0,5.98,143.0,151.0,146.03125,230.0,259.79998779296875,,9.65999984741211,1.49,7.369999885559082,,,343.0,687.0,
Treadmill Rolling Hills + Hill S,2025-12-21 12:29:53,treadmill_running,9.25,62.11,,,794.0,146.0,174.0,3.5,2.200000047683716,2.4820001125335693,,2,396.09,120.0,5.05,142.0,149.0,157.234375,161.0,277.0,,10.180000305175781,1.3,8.020000457763672,,,404.0,490.0,
Treadmill Rolling Hills + Hill S,2025-12-21 12:29:53,treadmill_running,9.25,62.11,,,794.0,146.0,174.0,3.5,2.200000047683716,2.4820001125335693,,20,178.76,90.0,8.39,159.0,170.0,111.421875,178.0,254.1999969482422,,7.159999847412109,1.42,6.800000190734863,,,213.0,725.0,
Treadmill Rolling Hills + Hill S,2025-12-21 12:29:53,treadmill_running,9.25,62.11,,,794.0,146.0,174.0,3.5,2.200000047683716,2.4820001125335693,,21,81.21,30.0,6.16,143.0,150.0,124.5,180.0,251.6999969482422,,9.069999694824219,1.51,7.019999980926514,,,323.0,641.0,
Treadmill Rolling Hills + Hill S,2025-12-21 12:29:53,treadmill_running,9.25,62.11,,,794.0,146.0,174.0,3.5,2.200000047683716,2.4820001125335693,,22,185.81,90.0,8.07,163.0,173.0,132.828125,174.0,286.6000061035156,,7.3500000000000005,1.37,7.639999866485596,,,233.0,702.0,
Treadmill Rolling Hills + Hill S,2025-12-21 12:29:53,treadmill_running,9.25,62.11,,,794.0,146.0,174.0,3.5,2.200000047683716,2.4820001125335693,,23,62.38,30.0,8.02,144.0,150.0,123.4375,165.0,295.3999938964844,,8.51999969482422,1.08,8.989999771118164,,,260.0,623.0,
Treadmill Rolling Hills + Hill S,2025-12-21 12:29:53,treadmill_running,9.25,62.11,,,794.0,146.0,174.0,3.5,2.200000047683716,2.4820001125335693,,24,201.79,90.0,7.43,163.0,172.0,144.078125,181.0,316.1000061035156,,7.469999694824219,1.11,8.630000114440918,,,258.0,750.0,
Treadmill Rolling Hills + Hill S,2025-12-21 12:29:53,treadmill_running,9.25,62.11,,,794.0,146.0,174.0,3.5,2.200000047683716,2.4820001125335693,,25,522.59,300.0,9.57,134.0,148.0,137.765625,158.0,320.79998779296875,,8.1,0.87,9.789999961853027,,,212.0,308.0,
Treadmill Rolling Hills + Hill S,2025-12-21 12:29:53,treadmill_running,9.25,62.11,,,794.0,146.0,174.0,3.5,2.200000047683716,2.4820001125335693,,26,6.86,6.844,16.63,139.0,139.0,75.0,150.0,319.29998779296875,,8.76999969482422,0.92,9.569999694824219,,,127.0,279.0,
Treadmill Rolling Hills + Hill S,2025-12-21 12:29:53,treadmill_running,9.25,62.11,,,794.0,146.0,174.0,3.5,2.200000047683716,2.4820001125335693,,3,872.57,300.0,5.73,145.0,150.0,155.40625,158.0,291.6000061035156,,9.60999984741211,1.12,8.579999923706055,,,354.0,469.0,
Treadmill Rolling Hills + Hill S,2025-12-21 12:29:53,treadmill_running,9.25,62.11,,,794.0,146.0,174.0,3.5,2.200000047683716,2.4820001125335693,,4,355.2,120.0,5.63,151.0,154.0,155.734375,160.0,288.0,,9.790000152587892,1.18,8.359999656677246,,,362.0,417.0,
Treadmill Rolling Hills + Hill S,2025-12-21 12:29:53,treadmill_running,9.25,62.11,,,794.0,146.0,174.0,3.5,2.200000047683716,2.4820001125335693,,5,781.62,300.0,6.4,148.0,154.0,158.234375,163.0,295.0,,8.950000000000001,0.99,9.0600004196167,,,317.0,395.0,
Treadmill Rolling Hills + Hill S,2025-12-21 12:29:53,treadmill_running,9.25,62.11,,,794.0,146.0,174.0,3.5,2.200000047683716,2.4820001125335693,,6,358.33,120.0,5.58,151.0,153.0,158.0625,161.0,286.20001220703125,,9.59000015258789,1.13,8.479999542236328,,,367.0,457.0,
Treadmill Rolling Hills + Hill S,2025-12-21 12:29:53,treadmill_running,9.25,62.11,,,794.0,146.0,174.0,3.5,2.200000047683716,2.4820001125335693,,7,722.38,300.0,6.92,147.0,157.0,156.265625,160.0,302.20001220703125,,8.680000305175781,0.92,9.420000076293945,,,292.0,372.0,
Treadmill Rolling Hills + Hill S,2025-12-21 12:29:53,treadmill_running,9.25,62.11,,,794.0,146.0,174.0,3.5,2.200000047683716,2.4820001125335693,,8,335.58,120.0,5.96,150.0,155.0,157.09375,160.0,290.29998779296875,,9.44000015258789,1.11,8.600000381469727,,,343.0,434.0,
Treadmill Rolling Hills + Hill S,2025-12-21 12:29:53,treadmill_running,9.25,62.11,,,794.0,146.0,174.0,3.5,2.200000047683716,2.4820001125335693,,9,748.98,300.0,6.68,149.0,155.0,154.84375,160.0,303.20001220703125,,8.919999694824218,0.97,9.239999771118164,,,303.0,351.0,
Workout 4: Zone 1 Recovery (Work,2025-12-22 15:39:03,treadmill_running,4.98,40.04,,,467.0,136.0,144.0,2.5,0.0,2.072000026702881,,1,634.71,300.0,7.88,133.0,139.0,153.75,159.0,313.79998779296875,,8.259999847412109,0.84,9.920000076293945,,,265.0,339.0,
Workout 4: Zone 1 Recovery (Work,2025-12-22 15:39:03,treadmill_running,4.98,40.04,,,467.0,136.0,144.0,2.5,0.0,2.072000026702881,,2,1000.0,444.987,7.42,138.0,141.0,156.609375,163.0,306.0,,8.34000015258789,0.86,9.710000038146973,,,280.0,357.0,
Workout 4: Zone 1 Recovery (Work,2025-12-22 15:39:03,treadmill_running,4.98,40.04,,,467.0,136.0,144.0,2.5,0.0,2.072000026702881,,3,1000.0,460.172,7.67,138.0,142.0,151.390625,161.0,319.0,,8.430000305175781,0.86,9.789999961853027,,,270.0,305.0,
Workout 4: Zone 1 Recovery (Work,2025-12-22 15:39:03,treadmill_running,4.98,40.04,,,467.0,136.0,144.0,2.5,0.0,2.072000026702881,,4,1000.0,452.209,7.54,139.0,144.0,154.140625,163.0,312.1000061035156,,8.380000305175782,0.86,9.75,,,275.0,312.0,
Workout 4: Zone 1 Recovery (Work,2025-12-22 15:39:03,treadmill_running,4.98,40.04,,,467.0,136.0,144.0,2.5,0.0,2.072000026702881,,5,977.85,442.632,7.54,139.0,142.0,152.5625,160.0,315.20001220703125,,8.44000015258789,0.87,9.739999771118164,,,275.0,303.0,
Workout 4: Zone 1 Recovery (Work,2025-12-22 15:39:03,treadmill_running,4.98,40.04,,,467.0,136.0,144.0,2.5,0.0,2.072000026702881,,6,362.0,300.0,13.81,121.0,139.0,111.75,150.0,337.3999938964844,,5.820000076293946,0.76,9.8100004196167,,,117.0,270.0,
Workout 4: Zone 1 Recovery (Work,2025-12-22 15:39:03,treadmill_running,4.98,40.04,,,467.0,136.0,144.0,2.5,0.0,2.072000026702881,,7,3.61,2.669,12.32,114.0,114.0,107.0,107.0,,,5.7,0.76,,,,111.0,111.0,
Treadmill Running,2025-12-23 12:36:31,treadmill_running,8.41,59.72,,,706.0,145.0,183.0,3.9000000953674316,0.4000000059604645,2.3480000495910645,,1,1000.0,502.123,8.37,111.0,125.0,142.109375,163.0,303.1000061035156,,8.45999984741211,0.89,9.539999961853027,,,247.0,348.0,
Treadmill Running,2025-12-23 12:36:31,treadmill_running,8.41,59.72,,,706.0,145.0,183.0,3.9000000953674316,0.4000000059604645,2.3480000495910645,,10,124.81,31.187,4.16,161.0,164.0,160.296875,170.0,256.79998779296875,,10.540000152587892,1.5,7.21999979019165,,,503.0,667.0,
Treadmill Running,2025-12-23 12:36:31,treadmill_running,8.41,59.72,,,706.0,145.0,183.0,3.9000000953674316,0.4000000059604645,2.3480000495910645,,11,296.18,89.078,5.01,164.0,167.0,157.828125,174.0,276.79998779296875,,9.91999969482422,1.26,8.029999732971191,,,407.0,644.0,
Treadmill Running,2025-12-23 12:36:31,treadmill_running,8.41,59.72,,,706.0,145.0,183.0,3.9000000953674316,0.4000000059604645,2.3480000495910645,,12,117.9,30.469,4.31,158.0,162.0,163.03125,174.0,259.20001220703125,,9.880000305175782,1.39,7.53000020980835,,,469.0,673.0,
Treadmill Running,2025-12-23 12:36:31,treadmill_running,8.41,59.72,,,706.0,145.0,183.0,3.9000000953674316,0.4000000059604645,2.3480000495910645,,13,301.78,91.733,5.07,164.0,167.0,158.6875,176.0,277.3999938964844,,9.819999694824219,1.25,8.029999732971191,,,402.0,629.0,
Treadmill Running,2025-12-23 12:36:31,treadmill_running,8.41,59.72,,,706.0,145.0,183.0,3.9000000953674316,0.4000000059604645,2.3480000495910645,,14,111.69,29.511,4.4,161.0,164.0,164.0625,174.0,256.6000061035156,,9.930000305175781,1.35,7.559999942779541,,,468.0,630.0,
Treadmill Running,2025-12-23 12:36:31,treadmill_running,8.41,59.72,,,706.0,145.0,183.0,3.9000000953674316,0.4000000059604645,2.3480000495910645,,15,291.01,90.122,5.16,165.0,167.0,158.15625,171.0,279.0,,9.85999984741211,1.22,8.130000114440918,,,398.0,584.0,
Treadmill Running,2025-12-23 12:36:31,treadmill_running,8.41,59.72,,,706.0,145.0,183.0,3.9000000953674316,0.4000000059604645,2.3480000495910645,,16,127.29,30.966,4.05,162.0,165.0,164.515625,176.0,249.6999969482422,,10.10999984741211,1.49,7.119999885559082,,,497.0,689.0,
Treadmill Running,2025-12-23 12:36:31,treadmill_running,8.41,59.72,,,706.0,145.0,183.0,3.9000000953674316,0.4000000059604645,2.3480000495910645,,17,289.12,89.344,5.15,164.0,167.0,159.59375,169.0,276.79998779296875,,9.8,1.22,8.100000381469727,,,400.0,606.0,
Treadmill Running,2025-12-23 12:36:31,treadmill_running,8.41,59.72,,,706.0,145.0,183.0,3.9000000953674316,0.4000000059604645,2.3480000495910645,,18,488.84,436.565,14.88,128.0,163.0,107.375,162.0,297.5,,5.790000152587891,0.93,8.029999732971191,,,109.0,375.0,
Treadmill Running,2025-12-23 12:36:31,treadmill_running,8.41,59.72,,,706.0,145.0,183.0,3.9000000953674316,0.4000000059604645,2.3480000495910645,,2,245.68,98.836,6.7,124.0,129.0,155.21875,158.0,301.5,,8.830000305175782,0.96,9.239999771118164,,,311.0,379.0,
Treadmill Running,2025-12-23 12:36:31,treadmill_running,8.41,59.72,,,706.0,145.0,183.0,3.9000000953674316,0.4000000059604645,2.3480000495910645,,3,1000.0,422.344,7.04,143.0,166.0,145.578125,162.0,292.20001220703125,,8.40999984741211,1.01,8.739999771118164,,,288.0,506.0,
Treadmill Running,2025-12-23 12:36:31,treadmill_running,8.41,59.72,,,706.0,145.0,183.0,3.9000000953674316,0.4000000059604645,2.3480000495910645,,4,1000.0,288.958,4.82,173.0,178.0,157.484375,161.0,274.70001220703125,,10.30999984741211,1.32,7.840000152587891,,,429.0,504.0,
Treadmill Running,2025-12-23 12:36:31,treadmill_running,8.41,59.72,,,706.0,145.0,183.0,3.9000000953674316,0.4000000059604645,2.3480000495910645,,5,1000.0,302.657,5.04,177.0,180.0,156.875,162.0,279.79998779296875,,10.11999969482422,1.26,8.020000457763672,,,410.0,514.0,
Treadmill Running,2025-12-23 12:36:31,treadmill_running,8.41,59.72,,,706.0,145.0,183.0,3.9000000953674316,0.4000000059604645,2.3480000495910645,,6,1000.0,526.166,8.77,155.0,183.0,120.4375,161.0,289.5,,7.780000305175782,1.3,7.869999885559082,,,220.0,475.0,
Treadmill Running,2025-12-23 12:36:31,treadmill_running,8.41,59.72,,,706.0,145.0,183.0,3.9000000953674316,0.4000000059604645,2.3480000495910645,,7,632.74,401.797,10.58,133.0,157.0,123.15625,172.0,295.20001220703125,,6.7,0.94,8.90999984741211,,,175.0,697.0,
Treadmill Running,2025-12-23 12:36:31,treadmill_running,8.41,59.72,,,706.0,145.0,183.0,3.9000000953674316,0.4000000059604645,2.3480000495910645,,8,74.58,31.261,6.99,150.0,152.0,155.734375,167.0,278.5,,9.75999984741211,1.22,8.15999984741211,,,308.0,597.0,
Treadmill Running,2025-12-23 12:36:31,treadmill_running,8.41,59.72,,,706.0,145.0,183.0,3.9000000953674316,0.4000000059604645,2.3480000495910645,,9,312.94,89.933,4.79,160.0,164.0,159.359375,171.0,272.70001220703125,,9.990000152587891,1.31,7.849999904632568,,,426.0,693.0,
Treadmill Running,2025-12-24 18:30:36,treadmill_running,15.24,75.23,,,1025.0,147.0,162.0,3.5999999046325684,0.20000000298023224,3.375999927520752,,1,15239.91,4513.903,4.94,147.0,162.0,155.125,163.0,275.29998779296875,,10.280000305175783,1.32,7.840000152587891,,,421.0,507.0,
North Vancouver District - Z2 long technical,2025-12-26 12:11:33,trail_running,16.57,119.44,553.0299999993294,554.7699999809265,1535.0,149.0,166.0,4.199999809265137,0.20000000298023224,2.312000036239624,,1,16246.9,6913.089,7.09,150.0,166.0,149.5,240.0,284.6000061035156,,8.15,0.95,8.880000114440918,551.48,551.53,317.0,619.0,
North Vancouver District - Z2 long technical,2025-12-26 12:11:33,trail_running,16.57,119.44,553.0299999993294,554.7699999809265,1535.0,149.0,166.0,4.199999809265137,0.20000000298023224,2.312000036239624,,2,320.68,253.089,13.15,120.0,142.0,85.375,174.0,377.8999938964844,,6.070000076293946,0.8,7.860000133514404,1.55,3.24,111.0,271.0,
Treadmill Running,2025-12-28 15:08:05,treadmill_running,0.47,4.6,,,46.0,117.0,133.0,0.4000000059604645,0.0,1.7020000219345093,,1,469.96,276.18,9.79,117.0,133.0,129.796875,195.0,302.20001220703125,,7.45999984741211,0.85,8.979999542236328,,,199.0,407.0,
Treadmill Running,2025-12-29 11:34:37,treadmill_running,6.13,35.03,,,502.0,154.0,174.0,3.5999999046325684,0.0,2.9149999618530273,,1,1271.8,612.257,8.02,136.0,158.0,140.78125,240.0,300.5,,8.719999694824219,0.97,9.229999542236328,,,261.0,429.0,
Treadmill Running,2025-12-29 11:34:37,treadmill_running,6.13,35.03,,,502.0,154.0,174.0,3.5999999046325684,0.0,2.9149999618530273,,2,4398.28,1199.391,4.54,166.0,174.0,160.875,167.0,263.3999938964844,,10.35999984741211,1.38,7.539999961853027,,,455.0,502.0,
Treadmill Running,2025-12-29 11:34:37,treadmill_running,6.13,35.03,,,502.0,154.0,174.0,3.5999999046325684,0.0,2.9149999618530273,,3,456.13,290.143,10.6,138.0,171.0,126.59375,161.0,309.29998779296875,,6.990000152587891,0.85,9.4399995803833,,,177.0,451.0,
Treadmill Running,2026-01-02 16:26:06,treadmill_running,10.47,59.13,,,755.0,149.0,173.0,3.700000047683716,0.5,2.9519999027252197,,1,2385.98,900.126,6.29,124.0,142.0,167.234375,188.0,270.79998779296875,,8.30999984741211,0.98,8.619999885559082,,,319.0,446.0,
Treadmill Running,2026-01-02 16:26:06,treadmill_running,10.47,59.13,,,755.0,149.0,173.0,3.700000047683716,0.5,2.9519999027252197,,2,3369.32,901.623,4.46,165.0,173.0,165.28125,179.0,251.5,,9.969999694824219,1.37,7.309999942779541,,,449.0,530.0,
Treadmill Running,2026-01-02 16:26:06,treadmill_running,10.47,59.13,,,755.0,149.0,173.0,3.700000047683716,0.5,2.9519999027252197,,3,116.19,242.908,34.84,130.0,171.0,73.734375,163.0,356.3999938964844,,5.550000000000001,1.34,7.730000019073486,,,48.0,422.0,
Treadmill Running,2026-01-02 16:26:06,treadmill_running,10.47,59.13,,,755.0,149.0,173.0,3.700000047683716,0.5,2.9519999027252197,,4,3332.77,900.242,4.5,167.0,173.0,166.375,181.0,249.89999389648438,,9.80999984741211,1.35,7.320000171661377,,,447.0,537.0,
Treadmill Running,2026-01-02 16:26:06,treadmill_running,10.47,59.13,,,755.0,149.0,173.0,3.700000047683716,0.5,2.9519999027252197,,5,1269.08,602.917,7.92,145.0,173.0,152.015625,190.0,287.8999938964844,,7.969999694824219,0.86,9.40999984741211,,,255.0,443.0,
North Vancouver District Trail Running,2026-01-04 08:51:24,trail_running,12.71,114.15,605.660000026226,602.2800000011921,1319.0,141.0,180.0,3.5999999046325684,0.5,1.8559999465942383,,1,12713.82,6849.228,8.98,141.0,180.0,126.390625,240.0,292.8999938964844,,7.440000152587891,0.85,9.25,605.66,602.28,247.0,677.0,
Treadmill Running,2026-01-05 16:45:18,treadmill_running,4.8,30.03,,,427.0,142.0,151.0,3.0,0.0,2.6640000343322754,,1,6129.66,1801.773,4.9,142.0,151.0,176.125,193.0,244.6999969482422,,8.59000015258789,1.17,7.360000133514404,,,413.0,532.0,
Treadmill Running,2026-01-07 17:35:02,treadmill_running,1.31,8.66,,,116.0,134.0,146.0,2.0,0.0,2.5220000743865967,,1,1310.28,519.638,6.61,134.0,146.0,170.296875,189.0,263.8999938964844,,7.530000305175782,0.9,8.539999961853027,,,307.0,406.0,
North Vancouver Track Running,2026-01-11 14:59:55,track_running,8.41,44.22,0.0,0.0,723.0,164.0,187.0,4.699999809265137,2.299999952316284,3.1700000762939453,,1,1800.0,613.785,5.68,153.0,166.0,163.53125,194.0,270.70001220703125,,8.5,1.05,8.260000228881836,0.0,0.0,356.0,514.0,
North Vancouver Track Running,2026-01-11 14:59:55,track_running,8.41,44.22,0.0,0.0,723.0,164.0,187.0,4.699999809265137,2.299999952316284,3.1700000762939453,,2,1810.0,608.74,5.61,156.0,170.0,165.421875,179.0,275.3999938964844,,8.90999984741211,1.06,8.4399995803833,0.0,0.0,374.0,476.0,
North Vancouver Track Running,2026-01-11 14:59:55,track_running,8.41,44.22,0.0,0.0,723.0,164.0,187.0,4.699999809265137,2.299999952316284,3.1700000762939453,,3,4490.0,1201.069,4.46,177.0,187.0,157.890625,179.0,266.1000061035156,,10.530000305175783,1.41,7.53000020980835,0.0,0.0,478.0,769.0,
North Vancouver Track Running,2026-01-11 14:59:55,track_running,8.41,44.22,0.0,0.0,723.0,164.0,187.0,4.699999809265137,2.299999952316284,3.1700000762939453,,4,310.0,229.664,12.35,146.0,183.0,95.1875,163.0,252.0,,6.070000076293946,0.81,7.550000190734863,0.0,0.0,126.0,594.0,
Treadmill Running,2026-01-17 16:39:00,treadmill_running,5.77,45.03,,,631.0,150.0,183.0,3.799999952316284,2.9000000953674316,2.13700008392334,,1,2115.35,862.238,6.79,133.0,149.0,174.0625,202.0,266.0,,7.430000305175781,0.86,8.739999771118164,,,297.0,427.0,
Treadmill Running,2026-01-17 16:39:00,treadmill_running,5.77,45.03,,,631.0,150.0,183.0,3.799999952316284,2.9000000953674316,2.13700008392334,,10,556.26,180.728,5.41,169.0,183.0,170.359375,189.0,248.5,,8.450000000000001,1.14,7.539999961853027,,,370.0,497.0,
Treadmill Running,2026-01-17 16:39:00,treadmill_running,5.77,45.03,,,631.0,150.0,183.0,3.799999952316284,2.9000000953674316,2.13700008392334,,11,72.96,173.532,39.64,150.0,183.0,68.6875,176.0,293.0,,6.919999694824219,1.14,7.949999809265137,,,52.0,412.0,
Treadmill Running,2026-01-17 16:39:00,treadmill_running,5.77,45.03,,,631.0,150.0,183.0,3.799999952316284,2.9000000953674316,2.13700008392334,,12,448.14,266.558,9.91,140.0,151.0,128.234375,188.0,282.0,,7.130000305175781,0.81,8.869999885559082,,,195.0,395.0,
Treadmill Running,2026-01-17 16:39:00,treadmill_running,5.77,45.03,,,631.0,150.0,183.0,3.799999952316284,2.9000000953674316,2.13700008392334,,2,676.35,181.582,4.47,170.0,178.0,192.40625,214.0,222.39999389648438,,7.800000000000001,1.19,6.639999866485596,,,438.0,531.0,
Treadmill Running,2026-01-17 16:39:00,treadmill_running,5.77,45.03,,,631.0,150.0,183.0,3.799999952316284,2.9000000953674316,2.13700008392334,,3,24.85,120.704,80.96,149.0,178.0,56.3125,184.0,272.6000061035156,,5.729999923706055,1.22,6.96999979019165,,,20.0,440.0,
Treadmill Running,2026-01-17 16:39:00,treadmill_running,5.77,45.03,,,631.0,150.0,183.0,3.799999952316284,2.9000000953674316,2.13700008392334,,4,604.5,180.446,4.98,164.0,179.0,177.453125,209.0,237.0,,8.130000305175782,1.15,7.139999866485596,,,399.0,581.0,
Treadmill Running,2026-01-17 16:39:00,treadmill_running,5.77,45.03,,,631.0,150.0,183.0,3.799999952316284,2.9000000953674316,2.13700008392334,,5,90.55,120.669,22.21,155.0,179.0,76.484375,174.0,270.1000061035156,,6.740000152587891,1.04,8.420000076293945,,,86.0,397.0,
Treadmill Running,2026-01-17 16:39:00,treadmill_running,5.77,45.03,,,631.0,150.0,183.0,3.799999952316284,2.9000000953674316,2.13700008392334,,6,574.66,184.87,5.36,166.0,182.0,170.5625,196.0,241.1999969482422,,8.280000305175781,1.15,7.289999961853027,,,373.0,555.0,
Treadmill Running,2026-01-17 16:39:00,treadmill_running,5.77,45.03,,,631.0,150.0,183.0,3.799999952316284,2.9000000953674316,2.13700008392334,,7,22.96,116.402,84.5,153.0,179.0,49.109375,165.0,317.0,,5.25,0.24,,,,23.0,142.0,
Treadmill Running,2026-01-17 16:39:00,treadmill_running,5.77,45.03,,,631.0,150.0,183.0,3.799999952316284,2.9000000953674316,2.13700008392334,,8,554.99,179.971,5.4,168.0,181.0,173.984375,196.0,243.5,,8.230000305175782,1.12,7.380000114440918,,,370.0,463.0,
Treadmill Running,2026-01-17 16:39:00,treadmill_running,5.77,45.03,,,631.0,150.0,183.0,3.799999952316284,2.9000000953674316,2.13700008392334,,9,30.62,133.811,72.83,155.0,181.0,38.671875,179.0,256.5,,6.740000152587891,1.07,7.889999866485596,,,27.0,395.0,
North Vancouver District - 90min Z2 Base + Cadence,2026-01-19 11:29:23,trail_running,13.78,105.93,493.2399999946356,482.93000000715256,1340.0,146.0,170.0,4.0,0.4000000059604645,2.1679999828338623,,1,1365.91,600.0,7.32,134.0,165.0,148.75,195.0,275.29998779296875,,7.95999984741211,0.91,8.8100004196167,30.35,28.71,308.0,603.0,
North Vancouver District - 90min Z2 Base + Cadence,2026-01-19 11:29:23,trail_running,13.78,105.93,493.2399999946356,482.93000000715256,1340.0,146.0,170.0,4.0,0.4000000059604645,2.1679999828338623,,10,2174.89,998.432,7.65,131.0,159.0,146.265625,203.0,267.20001220703125,,7.069999694824219,0.89,8.1899995803833,1.88,83.87,228.0,457.0,
North Vancouver District - 90min Z2 Base + Cadence,2026-01-19 11:29:23,trail_running,13.78,105.93,493.2399999946356,482.93000000715256,1340.0,146.0,170.0,4.0,0.4000000059604645,2.1679999828338623,,2,2048.25,900.0,7.32,147.0,168.0,170.28125,227.0,270.29998779296875,,7.230000305175782,0.81,9.199999809265137,65.29,66.47,320.0,660.0,
North Vancouver District - 90min Z2 Base + Cadence,2026-01-19 11:29:23,trail_running,13.78,105.93,493.2399999946356,482.93000000715256,1340.0,146.0,170.0,4.0,0.4000000059604645,2.1679999828338623,,3,32.2,17.56,9.09,158.0,160.0,188.5,196.0,279.6000061035156,,5.770000076293946,0.5,11.520000457763672,3.67,0.0,400.0,426.0,
North Vancouver District - 90min Z2 Base + Cadence,2026-01-19 11:29:23,trail_running,13.78,105.93,493.2399999946356,482.93000000715256,1340.0,146.0,170.0,4.0,0.4000000059604645,2.1679999828338623,,4,1910.74,900.0,7.85,156.0,163.0,175.34375,195.0,276.29998779296875,,6.95,0.72,9.829999923706055,128.35,4.73,379.0,533.0,
North Vancouver District - 90min Z2 Base + Cadence,2026-01-19 11:29:23,trail_running,13.78,105.93,493.2399999946356,482.93000000715256,1340.0,146.0,170.0,4.0,0.4000000059604645,2.1679999828338623,,5,109.51,60.0,9.13,159.0,160.0,187.3125,214.0,272.1000061035156,,6.290000152587891,0.62,10.09000015258789,11.26,0.0,391.0,416.0,
North Vancouver District - 90min Z2 Base + Cadence,2026-01-19 11:29:23,trail_running,13.78,105.93,493.2399999946356,482.93000000715256,1340.0,146.0,170.0,4.0,0.4000000059604645,2.1679999828338623,,6,2061.06,900.0,7.28,155.0,168.0,171.390625,200.0,279.6000061035156,,7.419999694824219,0.79,9.529999732971191,107.51,24.29,364.0,535.0,
North Vancouver District - 90min Z2 Base + Cadence,2026-01-19 11:29:23,trail_running,13.78,105.93,493.2399999946356,482.93000000715256,1340.0,146.0,170.0,4.0,0.4000000059604645,2.1679999828338623,,7,125.43,60.0,7.97,158.0,163.0,189.8125,208.0,270.6000061035156,,6.170000076293945,0.61,10.050000190734863,6.6,0.0,339.0,391.0,
North Vancouver District - 90min Z2 Base + Cadence,2026-01-19 11:29:23,trail_running,13.78,105.93,493.2399999946356,482.93000000715256,1340.0,146.0,170.0,4.0,0.4000000059604645,2.1679999828338623,,8,2347.12,1320.0,9.37,150.0,170.0,119.546875,243.0,273.20001220703125,,7.050000000000001,0.79,9.319999694824219,118.97,172.29,211.0,560.0,
North Vancouver District - 90min Z2 Base + Cadence,2026-01-19 11:29:23,trail_running,13.78,105.93,493.2399999946356,482.93000000715256,1340.0,146.0,170.0,4.0,0.4000000059604645,2.1679999828338623,,9,1601.74,600.0,6.24,142.0,160.0,177.171875,222.0,266.6000061035156,,7.680000305175781,0.89,8.739999771118164,19.35,102.57,292.0,499.0,
Treadmill Running,2026-01-21 16:01:48,treadmill_running,5.64,40.17,,,576.0,152.0,188.0,3.700000047683716,3.5999999046325684,2.3389999866485596,,1,1588.36,604.852,6.35,133.0,153.0,170.6875,186.0,269.29998779296875,,7.930000305175781,0.93,8.680000305175781,,,320.0,415.0,
Treadmill Running,2026-01-21 16:01:48,treadmill_running,5.64,40.17,,,576.0,152.0,188.0,3.700000047683716,3.5999999046325684,2.3389999866485596,,10,571.03,181.589,5.3,176.0,188.0,156.109375,188.0,248.3000030517578,,9.030000305175781,1.23,7.429999828338623,,,379.0,499.0,
Treadmill Running,2026-01-21 16:01:48,treadmill_running,5.64,40.17,,,576.0,152.0,188.0,3.700000047683716,3.5999999046325684,2.3389999866485596,,11,118.39,165.025,23.23,150.0,187.0,84.921875,180.0,288.0,,5.6200000762939455,1.33,7.150000095367432,,,72.0,461.0,
Treadmill Running,2026-01-21 16:01:48,treadmill_running,5.64,40.17,,,576.0,152.0,188.0,3.700000047683716,3.5999999046325684,2.3389999866485596,,2,754.08,189.364,4.19,173.0,180.0,182.703125,207.0,220.10000610351562,,8.219999694824219,1.3,6.599999904632568,,,463.0,671.0,
Treadmill Running,2026-01-21 16:01:48,treadmill_running,5.64,40.17,,,576.0,152.0,188.0,3.700000047683716,3.5999999046325684,2.3389999866485596,,3,202.76,180.415,14.83,140.0,174.0,114.5,166.0,418.79998779296875,,5.779999923706055,0.69,8.59000015258789,,,115.0,157.0,
Treadmill Running,2026-01-21 16:01:48,treadmill_running,5.64,40.17,,,576.0,152.0,188.0,3.700000047683716,3.5999999046325684,2.3389999866485596,,4,644.18,181.255,4.69,164.0,182.0,178.796875,200.0,236.1999969482422,,8.36999969482422,1.18,7.269999980926514,,,427.0,558.0,
Treadmill Running,2026-01-21 16:01:48,treadmill_running,5.64,40.17,,,576.0,152.0,188.0,3.700000047683716,3.5999999046325684,2.3389999866485596,,5,211.26,182.094,14.37,146.0,181.0,110.046875,173.0,247.0,,5.820000076293946,0.68,8.670000076293945,,,116.0,429.0,
Treadmill Running,2026-01-21 16:01:48,treadmill_running,5.64,40.17,,,576.0,152.0,188.0,3.700000047683716,3.5999999046325684,2.3389999866485596,,6,590.27,181.654,5.13,173.0,183.0,171.09375,187.0,250.6999969482422,,8.69000015258789,1.17,7.639999866485596,,,392.0,512.0,
Treadmill Running,2026-01-21 16:01:48,treadmill_running,5.64,40.17,,,576.0,152.0,188.0,3.700000047683716,3.5999999046325684,2.3389999866485596,,7,185.3,181.364,16.31,146.0,182.0,101.015625,174.0,250.0,,5.720000076293946,0.92,8.079999923706055,,,101.0,410.0,
Treadmill Running,2026-01-21 16:01:48,treadmill_running,5.64,40.17,,,576.0,152.0,188.0,3.700000047683716,3.5999999046325684,2.3389999866485596,,8,596.59,181.697,5.08,166.0,184.0,169.5,190.0,247.3000030517578,,8.640000152587891,1.2,7.400000095367432,,,395.0,544.0,
Treadmill Running,2026-01-21 16:01:48,treadmill_running,5.64,40.17,,,576.0,152.0,188.0,3.700000047683716,3.5999999046325684,2.3389999866485596,,9,175.45,180.982,17.19,150.0,184.0,100.421875,172.0,253.0,,5.70999984741211,1.19,7.610000133514404,,,97.0,411.0,
West Vancouver Trail Running,2026-01-25 14:47:43,trail_running,9.92,82.03,564.419999986887,560.4300000071526,1048.0,151.0,168.0,3.799999952316284,0.0,2.0160000324249268,,1,9921.5,4921.975,8.27,151.0,168.0,132.671875,215.0,283.79998779296875,,7.230000305175782,0.86,8.869999885559082,564.42,560.43,265.0,623.0,
Treadmill Intervals 3x2min (5x),2026-01-30 15:51:22,treadmill_running,4.05,30.0,,,394.0,143.0,179.0,3.0999999046325684,2.0,2.249000072479248,,1,338.81,159.306,7.84,109.0,136.0,152.96875,179.0,273.3999938964844,,7.880000305175781,0.89,9.020000457763672,,,256.0,399.0,
Treadmill Intervals 3x2min (5x),2026-01-30 15:51:22,treadmill_running,4.05,30.0,,,394.0,143.0,179.0,3.0999999046325684,2.0,2.249000072479248,,2,1278.46,504.511,6.58,138.0,147.0,174.953125,184.0,271.20001220703125,,7.669999694824219,0.87,9.029999732971191,,,305.0,401.0,
Treadmill Intervals 3x2min (5x),2026-01-30 15:51:22,treadmill_running,4.05,30.0,,,394.0,143.0,179.0,3.0999999046325684,2.0,2.249000072479248,,3,657.82,181.952,4.61,168.0,175.0,183.546875,191.0,235.6999969482422,,8.3,1.18,7.090000152587891,,,424.0,489.0,
Treadmill Intervals 3x2min (5x),2026-01-30 15:51:22,treadmill_running,4.05,30.0,,,394.0,143.0,179.0,3.0999999046325684,2.0,2.249000072479248,,4,137.82,129.553,15.67,151.0,173.0,115.859375,182.0,275.70001220703125,,5.940000152587891,0.68,9.170000076293945,,,119.0,405.0,
Treadmill Intervals 3x2min (5x),2026-01-30 15:51:22,treadmill_running,4.05,30.0,,,394.0,143.0,179.0,3.0999999046325684,2.0,2.249000072479248,,5,627.34,183.813,4.88,167.0,179.0,176.5,186.0,246.5,,8.69000015258789,1.17,7.429999828338623,,,402.0,517.0,
Treadmill Intervals 3x2min (5x),2026-01-30 15:51:22,treadmill_running,4.05,30.0,,,394.0,143.0,179.0,3.0999999046325684,2.0,2.249000072479248,,6,140.16,129.195,15.36,149.0,176.0,111.390625,176.0,273.0,,5.790000152587891,0.67,8.84000015258789,,,114.0,270.0,
Treadmill Intervals 3x2min (5x),2026-01-30 15:51:22,treadmill_running,4.05,30.0,,,394.0,143.0,179.0,3.0999999046325684,2.0,2.249000072479248,,7,100.93,37.19,6.14,147.0,162.0,162.578125,182.0,254.60000610351562,,8.069999694824219,1.05,8.0,,,320.0,461.0,
Treadmill Intervals 3x2min (5x),2026-01-30 15:51:22,treadmill_running,4.05,30.0,,,394.0,143.0,179.0,3.0999999046325684,2.0,2.249000072479248,,8,767.96,474.742,10.3,136.0,163.0,145.328125,178.0,295.8999938964844,,6.95999984741211,0.73,9.8100004196167,,,191.0,326.0,
